NVMe_total_util,CPU,Memory_used
0.62606627,0.69086635,0.57760113
0.80855554,0.8888392,0.61530477
0.6805983,0.7448006,0.5920572
0.710115,0.78781223,0.5883615
0.76337403,0.8506513,0.59693855
0.74433285,0.9081904,0.6249198
0.49599612,0.5755192,0.56058013
0.72569305,0.78224534,0.5949048
0.74473345,0.80648494,0.59809536
