NVMe_total_util,CPU,Memory_used
0.7767530132510939,0.8118798694688509,0.593108992
0.6702095708467385,0.6971567776751565,0.593842176
0.6868333333336826,0.7374166666840513,0.593842176
0.6893666666660766,0.7281666666579742,0.593481728
0.5768000000006092,0.8998333333370588,0.593481728
0.7838249999995847,0.8863333333361274,0.594825216
0.6586227584830783,0.7120191987235002,0.594825216
0.52551003400203,0.5813054203517333,0.595677184
0.7030583333340475,0.7523333333355067,0.595677184
