NVMe_total_util,CPU,Memory_used
0.61161464,0.6516232,0.51397383
0.6215053,0.6637678,0.5127551
0.618237,0.6596271,0.5169652
0.62114465,0.65877885,0.51637495
0.6167168,0.6519121,0.5148072
0.6131417,0.65098464,0.5138711
0.60916954,0.65194523,0.51455075
0.646019,0.6819285,0.5184257
0.61701244,0.658858,0.51329005
0.621567,0.65589714,0.5154492
0.620799,0.6580721,0.5133948
0.5948211,0.6293699,0.5128171
0.6359159,0.67416227,0.51777244
0.59359455,0.63716894,0.5115499
