NVMe_total_util,CPU,Memory_used
0.63643116,0.68542534,0.5147032
0.6457685,0.78068686,0.50596374
0.62889355,0.71717185,0.50762635
0.6455776,0.70246935,0.5170148
0.63595,0.694922,0.51333636
0.6393478,0.6978755,0.51605624
0.6350468,0.69632906,0.5149718
0.63631433,0.70398176,0.5166461
0.6387384,0.6893822,0.52230304
0.6396101,0.6822021,0.51733243
0.62987334,0.67989767,0.511776
0.630462,0.6691513,0.51302564
0.6250736,0.6741081,0.51094025
0.63391715,0.66016173,0.5159065
