NVMe_total_util,CPU,Memory_used
0.6456095,0.68668675,0.51455253
0.6480833,0.69813985,0.5153559
0.647039,0.6870093,0.51597744
0.63886595,0.6879299,0.5124033
0.6502186,0.69192713,0.5153576
0.6478622,0.6972645,0.5181916
0.65389484,0.68920237,0.5161757
0.641172,0.6864537,0.5141197
0.6394008,0.6911442,0.5144149
0.6498035,0.6892501,0.5164737
0.64688236,0.6909123,0.5159784
0.6474115,0.6894467,0.5151059
0.65553206,0.69895065,0.5164184
