NVMe_total_util,CPU,Memory_used
0.68361443,0.7559425,0.5259407
0.6751673,0.73677397,0.5213553
0.65387064,0.7104263,0.51391506
0.6538247,0.70617294,0.51736796
0.6656249,0.7350033,0.5195495
0.6509308,0.71336895,0.51348263
0.6418071,0.69109714,0.51429003
0.6493175,0.7187134,0.515303
0.658304,0.7105195,0.51833457
0.6604166,0.71577215,0.51692075
0.65319437,0.7094902,0.5147909
0.6476885,0.69612795,0.51366544
0.6504296,0.76368284,0.5133073
