NVMe_total_util,CPU,Memory_used
0.6715738,0.7253717,0.5160062
0.69279736,0.7493001,0.5246282
0.6828316,0.7358553,0.51880914
0.6792609,0.73417115,0.5182405
0.68704915,0.7415148,0.51876396
0.6864506,0.74070305,0.5181577
0.65813285,0.71167845,0.51306224
0.6677624,0.72922355,0.516928
0.6977651,0.74783665,0.52772754
0.67244947,0.7227964,0.51485115
0.652441,0.7087666,0.5110427
0.66868234,0.72391707,0.5176999
