NVMe_total_util,CPU,Memory_used
0.66551286,0.71974623,0.5109608
0.6867721,0.7258717,0.5226932
0.66840345,0.72336453,0.5117206
0.6797981,0.7245249,0.51745963
0.6725013,0.73255634,0.5145644
0.6566544,0.7284147,0.5107959
0.6653131,0.72318375,0.51385427
0.694816,0.7427008,0.524608
0.6662613,0.7282478,0.511762
0.6924053,0.74460137,0.52113515
0.67849684,0.72553945,0.5157677
0.66517496,0.7145627,0.51249766
