NVMe_total_util,CPU,Memory_used
0.679207,0.7345443,0.51742244
0.699744,0.7433765,0.5198577
0.6955577,0.75052136,0.51715565
0.6818574,0.7363396,0.5165355
0.67774504,0.7275727,0.5181861
0.70114994,0.7445344,0.5190197
0.7042359,0.7642664,0.5164416
0.6919246,0.75934845,0.5195773
0.70865005,0.7558863,0.5205489
0.6809381,0.73281556,0.5162366
0.68536645,0.7385397,0.51706797
