NVMe_total_util,CPU,Memory_used
0.7018142,0.76331306,0.51808083
0.68965703,0.7500376,0.5153333
0.6817711,0.7361321,0.5167289
0.67782164,0.7302024,0.51623064
0.7047202,0.76569027,0.51774275
0.69305307,0.7531278,0.5165811
0.6700854,0.72357213,0.5143736
0.67016697,0.7226015,0.51589453
0.6777826,0.7321536,0.5153606
0.7078857,0.7725164,0.518818
0.6751179,0.73567235,0.513591
