NVMe_total_util,CPU,Memory_used
0.73015326,0.7961658,0.51888365
0.6889004,0.7472787,0.515249
0.6818384,0.72688943,0.5139597
0.6934713,0.74169725,0.5161271
0.6966971,0.7516105,0.51867706
0.7019289,0.75163144,0.51743406
0.6941152,0.7472893,0.5142037
0.6888358,0.74561405,0.5148307
0.69384956,0.7443454,0.51836514
0.7058977,0.7554751,0.5188957
0.6934329,0.7474355,0.515212
