NVMe_total_util,CPU,Memory_used
0.6827243,0.739525,0.5090382
0.7174292,0.77001625,0.5193349
0.7184319,0.77214575,0.51765454
0.7123176,0.771627,0.5149441
0.68176705,0.7359982,0.5111128
0.7053965,0.7501518,0.51714456
0.7286684,0.78627205,0.51868594
0.7043276,0.76520187,0.51312083
0.68066627,0.7341738,0.5105129
0.7028868,0.7525249,0.5154056
