NVMe_total_util,CPU,Memory_used
0.6404073,0.7060971,0.49475428
0.7443018,0.79590064,0.53076524
0.6739343,0.73895943,0.5066717
0.6891716,0.754192,0.5092688
0.6503086,0.715259,0.50152206
0.75556886,0.81094384,0.526902
0.6690161,0.73564565,0.5043261
0.6730102,0.73635536,0.5037466
0.6910605,0.7502974,0.5176153
0.7267738,0.78497314,0.5181089
