NVMe_total_util,CPU,Memory_used
0.6882646,0.74958336,0.5109546
0.77872276,0.83909184,0.5207807
0.7486958,0.80917984,0.51846457
0.74111843,0.8002376,0.52064323
0.6915665,0.7461325,0.50605094
0.73619455,0.79404587,0.5183751
0.67847776,0.73148656,0.5132009
0.7798142,0.83875024,0.523093
0.7239027,0.78531015,0.5122394
0.7243403,0.7818302,0.5167431
