NVMe_total_util,CPU,Memory_used
0.7823017,0.85039103,0.52760905
0.6672587,0.7267741,0.50571215
0.7478862,0.79177463,0.52181065
0.74722904,0.8092401,0.51960826
0.7268754,0.79171294,0.5159952
0.73549974,0.7920821,0.5149718
0.69859344,0.749735,0.5172596
0.65531796,0.6979516,0.51323694
0.72212243,0.7680159,0.5186939
0.7228948,0.78675836,0.510462
