NVMe_total_util,CPU,Memory_used
0.70217574,0.75110525,0.5133338
0.77601737,0.82764006,0.5167328
0.77047765,0.8249035,0.520737
0.7131691,0.7695337,0.5086799
0.81177294,0.8624522,0.522329
0.76425505,0.82690245,0.5160417
0.7361876,0.7925457,0.5108314
0.7221256,0.76801383,0.51869965
0.75201523,0.8015802,0.5124955
