NVMe_total_util,CPU,Memory_used
0.6912539164056801,0.7241017265487695,0.514576384
0.7619257950529066,0.814404293617479,0.514469888
0.7409499999999751,0.8129166666709353,0.514469888
0.5638416666666672,0.6324166666677533,0.514469888
0.7864833333333081,0.8462499999945672,0.515678208
0.7508333333333819,0.7974166666681414,0.515678208
0.7961250000000291,0.8427499999990686,0.514904064
0.613883333333312,0.6590000000006209,0.514904064
0.720016666666561,0.7595833333344976,0.51449856
