NVMe_total_util,CPU,Memory_used
0.7251483432227805,0.769734648973649,0.515530752
0.8095422474617239,0.8646962657055147,0.515530752
0.6802836794780344,0.7040860985073442,0.514105344
0.7467500000000046,0.7945000000006984,0.514105344
0.7493797736521984,0.8065451301794025,0.513613824
0.6770185691784705,0.7185608886662833,0.512745472
0.7475916666667523,0.7960000000001553,0.512745472
0.7515332311178844,0.813262449170754,0.512745472
0.7009050603373793,0.7574004933653706,0.51288064
