NVMe_total_util,CPU,Memory_used
0.7667207,0.8449348,0.5185922
0.7390083,0.8072584,0.51684874
0.71781033,0.7878467,0.51237994
0.73487514,0.791539,0.51637435
0.7388929,0.8015612,0.5164631
0.7321708,0.79878265,0.5167341
0.74035305,0.79789096,0.5155934
0.74577665,0.8115833,0.5188102
0.7202395,0.7876305,0.5145264
