NVMe_total_util,CPU,Memory_used
0.71482134,0.7652481,0.51600766
0.7238351,0.7778837,0.51112324
0.7581733,0.8132959,0.5180018
0.7390904,0.7937134,0.5124975
0.74495625,0.80054384,0.51600146
0.7331467,0.7913407,0.51368964
0.72796357,0.7846141,0.51512647
0.70886326,0.76003784,0.5121419
0.7282005,0.7761197,0.5169406
