NVMe_total_util,CPU,Memory_used
0.7219416666666801,0.7741666666639504,0.513585152
0.6811000000000301,0.7357500000022507,0.513585152
0.6985284314378867,0.7508499433320666,0.513839104
0.7371741449429502,0.7981532102161877,0.513839104
0.6960499999999834,0.7555833333346528,0.513662976
0.7799250000000029,0.8299999999988358,0.513662976
0.7570666666667117,0.8030833333323241,0.513683456
0.7599833333333057,0.8167500000020179,0.513683456
0.7506316909369385,0.8066693264198377,0.513306624
