NVMe_total_util,CPU,Memory_used
0.7374891,0.7927147,0.5178669
0.6893367,0.73828614,0.5088463
0.7104651,0.75804937,0.5121815
0.74099505,0.79207575,0.5139212
0.7153628,0.75993955,0.5148546
0.7224434,0.7745186,0.51331127
0.71584976,0.770438,0.51356393
0.7232708,0.770308,0.50924224
0.7398569,0.79556197,0.5255881
