NVMe_total_util,CPU,Memory_used
0.8327138475899141,0.8910760717414534,0.51326976
0.7211185920938071,0.7737650823266807,0.513773568
0.6770284685645506,0.7141476098402679,0.513773568
0.7894250000000584,0.847249999999379,0.5139456
0.6994916666665933,0.7755000000004655,0.5139456
0.7804000000000691,0.8265833333289869,0.5139456
0.683253477074591,0.7211685632584669,0.512946176
0.739381594764259,0.8770368638975776,0.512946176
0.7364240949397063,0.7757350490000848,0.51361792
