NVMe_total_util,CPU,Memory_used
0.8089916666667097,0.8570833333321692,0.5146624
0.6868625424971372,0.720101993199755,0.5146624
0.6974464964330508,0.7396493099521342,0.513425408
0.7651333333333847,0.8106666666688397,0.513425408
0.7228166666666463,0.771583333334032,0.513130496
0.7228166666666463,0.771583333334032,0.5142814720000001
0.7391748882706697,0.7924572055009774,0.5142814720000001
0.7573249999998856,0.8090833333340317,0.51161088
0.7359528094381909,0.7897087249217598,0.51161088
