NVMe_total_util,CPU,Memory_used
0.77068657,0.82285714,0.51857316
0.7082857,0.7567723,0.51255214
0.7368227,0.78362924,0.510678
0.77905965,0.82525325,0.5220854
0.7217973,0.77292246,0.5116595
0.73665065,0.7882074,0.5129587
0.74142504,0.78297615,0.5144604
0.7523496,0.8054832,0.51773256
0.71264976,0.7622966,0.5101156
