NVMe_total_util,CPU,Memory_used
0.71100855,0.7552836,0.51067394
0.7139396,0.75883096,0.506826
0.75838387,0.8008092,0.51184267
0.72847044,0.7714503,0.51217186
0.7058498,0.7487782,0.5063737
0.7640277,0.81364274,0.51072794
0.7418616,0.7865791,0.5124295
0.7308756,0.78487027,0.5096134
0.7881904,0.840478,0.50798595
