NVMe_total_util,CPU,Memory_used
0.6245333333332385,0.6697499999989913,0.5125611520000001
0.7510166666666311,0.7930833333346528,0.5125611520000001
0.8159583333334011,0.8609166666671323,0.514310144
0.7686083333333348,0.8045000000003103,0.514310144
0.7079166666665213,0.74108333333279,0.514310144
0.8094666666667762,0.8639166666679859,0.5124095999999999
0.7104500000000069,0.790000000000388,0.5124095999999999
0.5950083333333775,0.6330833333311604,0.512548864
0.847235184321009,0.9048396773554638,0.5126594560000001
