NVMe_total_util,CPU,Memory_used
0.6753623,0.7154901,0.5051241
0.6993755,0.73094004,0.5081437
0.7548921,0.80710024,0.51309353
0.7134736,0.75643516,0.50905496
0.7734526,0.82331395,0.50583166
0.8062024,0.85484946,0.52311134
0.66659266,0.7059898,0.5041583
0.72361356,0.7634276,0.51026064
0.73205596,0.7727395,0.51554006
