NVMe_total_util,CPU,Memory_used
0.7390416666666472,0.7738333333341871,0.511598592
0.7599896859197275,0.7976277615131615,0.511598592
0.7571717205449474,0.8273443761655049,0.51099648
0.5537833333333161,0.602583333333799,0.511188992
0.8279500000000553,0.8818333333319365,0.511188992
0.8029583333332998,0.8514166666679859,0.511188992
0.687479168055377,0.7259349376716758,0.512073728
0.8316137742517096,0.8786585772380169,0.512073728
0.6716666666666545,0.7121666666682964,0.512073728
