NVMe_total_util,CPU,Memory_used
0.7472579,0.7876784,0.5132408
0.7186618,0.76409584,0.5099836
0.7141831,0.751409,0.5074359
0.7598251,0.8065561,0.5115384
0.7572506,0.8019436,0.5115411
0.704324,0.74288136,0.5079718
0.72327673,0.7663985,0.5121801
0.7526534,0.79800546,0.5171835
