NVMe_total_util,CPU,Memory_used
0.7710750000000796,0.8129166666631742,0.512970752
0.7246620496770099,0.7585236731703294,0.5111644160000001
0.6960221584462379,0.7322799172407813,0.5111644160000001
0.7429666666666285,0.789333333335041,0.510377984
0.8036750000001726,0.8529166666655025,0.510377984
0.7127774815010876,0.7774315045647326,0.512057344
0.742307820521458,0.8030702046812433,0.512057344
0.7855749999999413,0.8417500000000778,0.512057344
