NVMe_total_util,CPU,Memory_used
0.7575436783142272,0.7974459855957708,0.510849024
0.7727259381055609,0.8015884667330145,0.51142656
0.7369420245161367,0.7735332665176162,0.51142656
0.6961666666667953,0.7239166666695385,0.510377984
0.7717833333332841,0.8259166666675203,0.510377984
0.7250999999999598,0.7775833333299184,0.511410176
0.6531333333333653,0.7117500000012416,0.511410176
0.7778500000000347,0.8291666666666666,0.510267392
0.798388440770692,0.8486767548837063,0.510267392
