NVMe_total_util,CPU,Memory_used
0.7349559,0.78341895,0.5074234
0.74989897,0.7905868,0.5166335
0.703122,0.7531168,0.50238514
0.738153,0.77697176,0.51608557
0.72022796,0.7627344,0.5051279
0.74903196,0.7871676,0.51796967
0.68973494,0.7360122,0.50370735
0.75222,0.799678,0.51386505
0.73018605,0.76943475,0.51145804
