NVMe_total_util,CPU,Memory_used
0.7321433,0.771951,0.5071687
0.76115084,0.81053895,0.5100777
0.72824347,0.7768506,0.5117509
0.75927126,0.8057262,0.51319283
0.715913,0.75102985,0.5106297
0.72164017,0.76827276,0.50562084
0.80171466,0.8466833,0.5120119
0.76195055,0.8020718,0.51271284
0.72431535,0.77091765,0.50888115
