NVMe_total_util,CPU,Memory_used
0.8438979265284235,0.8806587105762814,0.51062784
0.7322750000001179,0.7626666666668219,0.511619072
0.697983333333347,0.7350000000015523,0.511619072
0.7973830623665643,0.8420009328379932,0.51156992
0.7240194770544537,0.7642075773724254,0.51156992
0.6525898273448951,0.6925204986322605,0.510246912
0.8183628908593309,0.850990066007272,0.510246912
0.7795750000001137,0.8163333333291424,0.510590976
0.5765416666665867,0.6293333333354288,0.510427136
