NVMe_total_util,CPU,Memory_used
0.640543565414992,0.660814512893097,0.511025152
0.7328045854439352,0.7597307384690429,0.511025152
0.7560766204321296,0.796779141107167,0.510644224
0.8019166666665721,0.8381666666653472,0.510644224
0.7023583333334196,0.7480833333315482,0.509227008
0.7489840724376943,0.7882234222436597,0.509227008
0.8311905374131576,0.8786106111270928,0.510582784
0.7229416666668231,0.7591666666674429,0.510582784
