NVMe_total_util,CPU,Memory_used
0.6981851,0.7294463,0.51285565
0.72399545,0.76327825,0.5055354
0.7970935,0.83606607,0.51508
0.7502167,0.79099643,0.5059859
0.76798254,0.79980075,0.51346505
0.71397716,0.7559743,0.50879735
0.7943955,0.83633053,0.5135067
0.7194018,0.74838114,0.5110991
