NVMe_total_util,CPU,Memory_used
0.7896348,0.840115,0.5113619
0.794046,0.8352464,0.5168555
0.70151806,0.7578794,0.50337046
0.772048,0.81501555,0.51236826
0.75702626,0.8037852,0.5106545
0.73608893,0.7862864,0.5088338
0.7500802,0.8066244,0.5082726
0.7781092,0.8146687,0.5117587
