NVMe_total_util,CPU,Memory_used
0.8219537143587177,0.8677438946422567,0.50929664
0.7504091795514667,0.7849630867812941,0.509763584
0.7167166666667375,0.7574999999992238,0.509763584
0.7385250000000574,0.7997499999997673,0.509272064
0.7837333333332936,0.8286666666662009,0.509272064
0.6223168455435469,0.6666888874113865,0.510468096
0.7682928861924001,0.800486699109859,0.510468096
0.830882352941296,0.8709076390755112,0.5115166720000001
