NVMe_total_util,CPU,Memory_used
0.7360713,0.7692958,0.5105769
0.74335533,0.7745831,0.5106375
0.710231,0.749537,0.50971496
0.72549576,0.7567831,0.5086067
0.7591103,0.79968005,0.50831234
0.7464343,0.78790957,0.5084688
0.73637146,0.77759725,0.5035609
0.780352,0.823894,0.50580144
