NVMe_total_util,CPU,Memory_used
0.7598833333332852,0.79016666666721,0.508411904
0.8047416666667534,0.8490833333324792,0.5074001920000001
0.8047416666667534,0.8490833333324792,0.5074001920000001
0.6718248745577925,0.6985275972683929,0.5074001920000001
0.7392416666666274,0.7821666666636398,0.508850176
0.7878333333333405,0.828666666666201,0.508850176
0.6458083333333585,0.6943333333338767,0.507981824
0.765533333333345,0.8149166666708578,0.507981824
