NVMe_total_util,CPU,Memory_used
0.69303715,0.73442143,0.50680643
0.710748,0.7565087,0.5040939
0.7615539,0.7998912,0.51001585
0.68757915,0.73279274,0.5015468
0.72098345,0.7652109,0.5054924
0.72484565,0.7633875,0.50650996
0.74271554,0.7936917,0.50880575
0.7351325,0.771699,0.5048554
