NVMe_total_util,CPU,Memory_used
0.6369902452242445,0.7082881723347663,0.506847232
0.7308499999999185,0.7769999999979822,0.506847232
0.8169500000001184,0.8612499999968956,0.506847232
0.7440916666666453,0.779250000002018,0.507240448
0.7277333333334051,0.7654166666655025,0.507240448
0.6697803479766871,0.724351709887327,0.507408384
0.7569421294752775,0.79406960464062,0.507408384
0.7548583333333834,0.8113333333341869,0.505982976
