NVMe_total_util,CPU,Memory_used
0.8394999999999828,0.8779166666655025,0.503504896
0.6431154589693726,0.6767715485650591,0.503504896
0.7033052203479292,0.766401093409875,0.504590336
0.7370583333334556,0.7737499999968952,0.504590336
0.6762416666667074,0.7149166666650368,0.503578624
0.7354166666666667,0.7635833333362829,0.503578624
0.7583333333332727,0.8121666666682965,0.503435264
0.6949120058662489,0.7280181321214985,0.503435264
0.6052236815788579,0.6423094872997741,0.504991744
