NVMe_total_util,CPU,Memory_used
0.7339112,0.7819146,0.5037725
0.6831241,0.7350396,0.5039809
0.73947144,0.7872989,0.5081336
0.76721483,0.81960267,0.5158056
0.7067469,0.76239973,0.50435245
0.72749585,0.7736936,0.5066234
0.7022691,0.7506239,0.50582683
0.7221363,0.7782741,0.5056557
0.72157025,0.76896787,0.5066521
