NVMe_total_util,CPU,Memory_used
0.6892069,0.73609495,0.5130388
0.8008599,0.843765,0.51550215
0.8578603,0.8953546,0.527163
0.7212376,0.7684541,0.5158077
0.7207887,0.7661849,0.51969504
0.79952574,0.8498403,0.51905483
0.80462885,0.84344536,0.5258926
0.6542313,0.7083625,0.5121949
