NVMe_total_util,CPU,Memory_used
0.5858416666666623,0.6169166666688397,0.518656
0.7765833333333528,0.8083333333333333,0.518656
0.7749333333332896,0.8090833333320916,0.519438336
0.8337166666666691,0.8733333333356615,0.519438336
0.6044250000000373,0.6576666666660458,0.519221248
0.8005749999999653,0.8570833333302292,0.519221248
0.7514250000000328,0.8058333333368259,0.519573504
0.5780583333333198,0.6319166666653473,0.519573504
