NVMe_total_util,CPU,Memory_used
0.7955302979801293,0.8283447770160298,0.519712768
0.7993158210147929,0.8372785990121903,0.519712768
0.7497413390294185,0.7920699552753627,0.518692864
0.8691583333333104,0.8999166666665891,0.518692864
0.4283083333333555,0.4910000000013195,0.518692864
0.8884666666666665,0.9260833333324014,0.51810304
0.8718500000000101,0.9116666666697708,0.519790592
0.7804166666666786,0.8893333333311603,0.519790592
