NVMe_total_util,CPU,Memory_used
0.84426725,0.8622398,0.53430295
0.72772855,0.78190625,0.52417797
0.744509,0.7929629,0.52246654
0.7722591,0.8051262,0.52239394
0.7461006,0.79033804,0.52637815
0.7438772,0.81210226,0.49364525
0.9517198,0.9217126,0.5687322
0.57601404,0.7049594,0.5281502
