NVMe_total_util,CPU,Memory_used
0.8262000000000173,0.8599166666662008,0.521596928
0.7417499999999867,0.789666666664804,0.522162176
0.621875000000015,0.6893333333331004,0.522162176
0.8479333333333215,0.8910000000013192,0.520630272
0.8082416666666478,0.8522499999982149,0.520630272
0.8301414309484298,0.8684692179715222,0.51970048
0.758898163606019,0.7976627712816663,0.51970048
0.6322666666666615,0.6803333333344197,0.52031488
