NVMe_total_util,CPU,Memory_used
0.6765185,0.7201616,0.51557785
0.78875464,0.8273357,0.52240586
0.69476163,0.7477377,0.5250999
0.800811,0.8475783,0.52178293
0.78374285,0.81788504,0.5245195
0.7624447,0.81476516,0.5276501
0.6714161,0.7121467,0.5266722
0.72612965,0.7742425,0.5207505
