NVMe_total_util,CPU,Memory_used
0.7279765,0.7819843,0.57016975
0.7062864,0.7557289,0.5620406
0.67979103,0.7276593,0.56136036
0.70364094,0.7568299,0.5698799
0.75796986,0.8066864,0.5654951
0.7359283,0.7926162,0.56309974
0.7148078,0.770846,0.57056063
0.7133691,0.76531035,0.57278806
0.68444735,0.7317215,0.56577855
