NVMe_total_util,CPU,Memory_used
0.7344666666676252,0.768499999982305,0.567484416
0.73019166666636,0.8070000000065191,0.567484416
0.6773666666675127,0.7249166666607684,0.5685166079999999
0.6446833333335236,0.7012500000031043,0.5685166079999999
0.7406249999995148,0.7909166666756695,0.5661573120000001
0.751783214452137,0.8035130991183437,0.5661573120000001
0.7049886659110061,0.7470664710934161,0.567533568
0.837491666666756,0.8800833333438883,0.567533568
0.7592916666665891,0.809833333323089,0.568283136
