NVMe_total_util,CPU,Memory_used
0.6835854,0.7383459,0.56555134
0.8232009,0.87904525,0.5704953
0.81824183,0.8663075,0.55985266
0.6884542,0.7512604,0.5594773
0.7443325,0.8001197,0.56633455
0.79095656,0.85412633,0.56347
0.649769,0.7031538,0.5682498
0.77451646,0.8241192,0.5765682
