NVMe_total_util,CPU,Memory_used
0.46249166666675573,0.532333333324641,0.568168448
0.7177645176349047,0.7621508100459314,0.568168448
0.7302499999995538,0.7844999999972059,0.565424128
0.7056583333338493,0.740833333336438,0.565424128
0.6735916666667133,0.7315833333336438,0.564953088
0.8448560287946525,0.9023528627707137,0.564953088
0.6503450460057927,0.7006267502262233,0.564953088
0.7275068337878132,0.7929861990811803,0.561844224
