NVMe_total_util,CPU,Memory_used
0.7393576238416243,0.77665177677891,0.569450496
0.7335594293713402,0.7791813879152334,0.569450496
0.7012496236072002,0.7462360734651154,0.570564608
0.658597133044712,0.771352844565956,0.570937344
0.7733484434367784,0.8255116325621752,0.570937344
0.7308083333336981,0.7653333333165699,0.5726085120000001
0.6998549903328013,0.7666511100817667,0.5726085120000001
0.627724818345401,0.6820211986088007,0.5726085120000001
