NVMe_total_util,CPU,Memory_used
0.7167927,0.77796286,0.56918424
0.7795637,0.83784044,0.56535965
0.7634843,0.823761,0.5670005
0.7171041,0.77683806,0.5698801
0.8146199,0.87503666,0.572834
0.7608305,0.81938446,0.5653432
0.7205209,0.78069305,0.57029253
0.8015496,0.85660905,0.57083523
