NVMe_total_util,CPU,Memory_used
0.74730057,0.7904124,0.57785887
0.69498587,0.73871166,0.5664271
0.72615117,0.769462,0.57277185
0.7596209,0.80768824,0.5791867
0.70672774,0.7493387,0.56690633
0.7351988,0.7851289,0.57390887
0.7023566,0.74787736,0.57068354
0.7019611,0.74461,0.57372785
