NVMe_total_util,CPU,Memory_used
0.8715916666658208,0.9105000000058985,0.571129856
0.6957463830926642,0.7301486765793698,0.57100288
0.6647083333334499,0.7140833333367483,0.57100288
0.7829666666671983,0.8355000000058985,0.571674624
0.7051113259111713,0.7590993933492518,0.571674624
0.8284468964593334,0.8747416494411228,0.571674624
0.7457583333336516,0.783416666680326,0.572325888
0.7289333333329223,0.7694999999987582,0.572325888
