NVMe_total_util,CPU,Memory_used
0.7694666666667522,0.8069166666672876,0.573837312
0.712133333333865,0.7677500000068298,0.5726986239999999
0.6716468902068577,0.7362675821658456,0.5726986239999999
0.8146333333337678,0.8635000000086923,0.57012224
0.6118574571633688,0.6543936262283997,0.573476864
0.5784477015324865,0.6318287808208577,0.573476864
0.8592061374251324,0.9009339559638129,0.573476864
0.7856833333333877,0.8289166666722546,0.57184256
0.6993083333329801,0.747249999999379,0.57184256
