NVMe_total_util,CPU,Memory_used
0.77175033,0.8309101,0.5734482
0.6816561,0.74182576,0.5675083
0.7213638,0.7784863,0.5747854
0.75449806,0.8092837,0.5768706
0.68968254,0.7439536,0.5705052
0.7449709,0.8058324,0.5752701
0.85384387,0.90539205,0.5756647
0.70290977,0.7553336,0.5707264
0.6818565,0.73967314,0.57093436
