NVMe_total_util,CPU,Memory_used
0.70546496,0.7709279,0.5760607
0.7573663,0.81241924,0.57601976
0.7006034,0.76108396,0.576027
0.71972,0.78218436,0.576962
0.7267153,0.7788491,0.5761742
0.7147106,0.7787082,0.5741851
0.73923415,0.7956086,0.578531
0.69187975,0.760737,0.57424366
0.72672516,0.7867487,0.57619035
