NVMe_total_util,CPU,Memory_used
0.6528250000003026,0.6967499999950332,0.571695104
0.8253249999999146,0.8736666666731859,0.571695104
0.6134500000004968,0.66083333332402,0.573943808
0.8089166666667247,0.8451666666815679,0.573943808
0.6674333333333682,0.7219166666579743,0.574767104
0.7583499999993366,0.8158333333519597,0.574767104
0.7778249999993325,0.8245833333116025,0.5717483520000001
0.6861250000011447,0.7455000000074509,0.5717483520000001
0.7550333333327826,0.7998333333215366,0.5728255999999999
