NVMe_total_util,CPU,Memory_used
0.6084427704827866,0.6690220651978266,0.573857792
0.7586172411488511,0.8092372824960546,0.571502592
0.8169166666664147,0.8655833333265041,0.571502592
0.7494166666670934,0.7912500000093132,0.571502592
0.732826144923245,0.7785980934579527,0.572166144
0.6802703513570636,0.7451496766367272,0.571834368
0.6982451169920648,0.7501833211004402,0.571834368
0.6843122874855375,0.777318487909128,0.572022784
0.6273581761215958,0.6881041263862969,0.572022784
