NVMe_total_util,CPU,Memory_used
0.6774271,0.74090344,0.5709553
0.7278096,0.78288186,0.5727797
0.7235722,0.7783752,0.57185143
0.67166406,0.7339191,0.56922954
0.66329604,0.72805285,0.573368
0.69848347,0.7586793,0.5722765
0.71582377,0.7731972,0.5731204
0.70437723,0.7685637,0.572688
0.68385696,0.74399793,0.5689196
