NVMe_total_util,CPU,Memory_used
0.7447836810884513,0.7866808879516688,0.5723136
0.6580500000010943,0.7019999999941016,0.5723136
0.56272918194341,0.6226415094317892,0.5723136
0.7972718485444314,0.8411772548530914,0.571932672
0.7121083333331629,0.7613333333283663,0.571932672
0.7059499999993326,0.7452500000130385,0.571932672
0.6777118474570405,0.7211480765309847,0.572801024
0.657933333333737,0.7000833333237096,0.572801024
0.847066666666069,0.8849166666623205,0.5747220479999999
