NVMe_total_util,CPU,Memory_used
0.75211185,0.801339,0.57262397
0.71189165,0.7545185,0.5708898
0.7524508,0.79260373,0.57248366
0.81841546,0.8612798,0.57370013
0.68031955,0.73089063,0.57078195
0.704184,0.75431526,0.57272947
0.7669036,0.8127593,0.5752478
0.7130914,0.76210964,0.57175225
0.7875467,0.83173275,0.57469434
