NVMe_total_util,CPU,Memory_used
0.7309833333334004,0.8273333333335662,0.5411880960000002
0.7371341910538654,0.8093460435960848,0.546217984
0.7718537867695647,0.8271329695192671,0.546217984
0.6113420824150083,0.715404394580093,0.541528064
0.7326250000000678,0.8270833333313931,0.541528064
0.7386257582828082,0.8154289713988027,0.54134784
0.7172311487432337,0.806487099142116,0.54134784
0.6714996339920749,0.7464563785168846,0.544231424
