NVMe_total_util,CPU,Memory_used
0.63467973,0.7347748,0.5401423
0.8389106,0.90013933,0.545249
0.67431855,0.7524624,0.53694105
0.6678871,0.7588183,0.5382966
0.8527731,0.9217152,0.5457397
0.73362833,0.8065342,0.53915805
0.7380954,0.8282499,0.5390879
0.7376214,0.8211246,0.54140574
