NVMe_total_util,CPU,Memory_used
0.6321818060912061,0.7093197233696367,0.544264192
0.7976206389520248,0.8506215746567282,0.542543872
0.8269833333333129,0.887416666666589,0.542543872
0.7293750000000727,0.8022499999982149,0.544374784
0.7387083333331247,0.8051666666656578,0.544374784
0.7041250000000827,0.778833333333023,0.541843456
0.6527749999999893,0.7520833333333334,0.541843456
0.7095749999999801,0.7856666666668994,0.542011392
