NVMe_total_util,CPU,Memory_used
0.67421514,0.765082,0.54328305
0.74334633,0.83062613,0.540052
0.77975273,0.85428405,0.54650944
0.7389052,0.82866555,0.5416942
0.67682636,0.7672403,0.5442916
0.7202615,0.80689704,0.54287463
0.777159,0.8561905,0.54089284
0.6966468,0.78994364,0.5416205
