NVMe_total_util,CPU,Memory_used
0.692004,0.7813696,0.5374716
0.7472953,0.81761026,0.54271156
0.67653304,0.77266467,0.5472195
0.7187567,0.80003315,0.5453608
0.66151196,0.75724834,0.54023033
0.7304585,0.8116991,0.54300505
0.7625116,0.8274243,0.54956967
0.65821874,0.75746214,0.5345219
