NVMe_total_util,CPU,Memory_used
0.7480333333334784,0.8276666666633296,0.543309824
0.7365738272920022,0.8018556769739105,0.543309824
0.7961188508199399,0.8731002532977752,0.543309824
0.7709389593062119,0.8523182121417383,0.54235136
0.537539164055654,0.6411905872937149,0.54235136
0.7591089405960966,0.8270718047889263,0.541085696
0.8421666666666471,0.8914166666664342,0.541085696
0.5839833333332232,0.6776666666672099,0.54390784
