NVMe_total_util,CPU,Memory_used
0.7545000000000678,0.8436666666685291,0.5421752320000002
0.7797833333332166,0.8517499999958092,0.5396930560000002
0.6462833333333643,0.7335833333374467,0.5396930560000002
0.8577083333332364,0.9069999999987584,0.541077504
0.7555396593027773,0.8310653446894476,0.541077504
0.7501836639284094,0.8210946370157786,0.542130176
0.869150000000021,0.9174166666673651,0.542130176
0.5695713047535067,0.6975631708758075,0.5417984
