NVMe_total_util,CPU,Memory_used
0.866894,0.9047446,0.53718746
0.7196202,0.7903326,0.5360497
0.68287736,0.7683927,0.54210496
0.7894507,0.85425425,0.5440431
0.7007355,0.7772877,0.5398579
0.6594282,0.7551341,0.545406
0.7469816,0.8139188,0.5404166
0.68059033,0.76055515,0.5395646
