NVMe_total_util,CPU,Memory_used
0.7055078,0.7538697,0.53533274
0.68869483,0.73780376,0.5386102
0.6686413,0.72621125,0.5384875
0.7002753,0.7476989,0.5394965
0.65426594,0.7124982,0.539076
0.72489244,0.77195626,0.53925425
0.6946383,0.74374926,0.5367099
0.6939028,0.7439081,0.53533584
