NVMe_total_util,CPU,Memory_used
0.8251783214452237,0.88250783281037,0.542912512
0.7133892259484772,0.7613174211622646,0.538984448
0.8112923107674025,0.855743603410971,0.541597696
0.7565000998735881,0.8032492176604242,0.541597696
0.717099111734432,0.764910171642989,0.541597696
0.7220083333333001,0.7704166666662785,0.541466624
0.7992333333332984,0.8362499999949553,0.541466624
0.5798250000000431,0.6151666666691501,0.542314496
