NVMe_total_util,CPU,Memory_used
0.6256583772251528,0.6768951263435414,0.54104064
0.809573300518814,0.8457662631345665,0.54065152
0.7882700788454186,0.8260223172557059,0.54065152
0.7154166666666546,0.7504166666631742,0.541130752
0.7253583333332546,0.7688333333353511,0.541130752
0.681779548030097,0.7238517432160324,0.541130752
0.6820038002534642,0.7343156210442747,0.541515776
0.6106933723714375,0.6618811551758411,0.541515776
