NVMe_total_util,CPU,Memory_used
0.73043466,0.77604955,0.53931326
0.7420808,0.7908986,0.5410389
0.72389096,0.7658292,0.5418916
0.6785536,0.7283473,0.5386046
0.7155024,0.759004,0.5423747
0.72776175,0.7718123,0.54446536
0.71948093,0.7720519,0.5423328
0.7348663,0.7792163,0.540342
