NVMe_total_util,CPU,Memory_used
0.5412833333333158,0.589916666665037,0.542355456
0.6553000000000491,0.6990000000010089,0.542355456
0.8210916666666891,0.8633333333341093,0.542355456
0.523158333333231,0.5860833333339542,0.543809536
0.722660155989649,0.7692653823083117,0.543809536
0.8360348504031384,0.8772239621491346,0.54269952
0.618279749199592,0.6493963447167942,0.54269952
0.7488333333333382,0.7905833333342646,0.5434286079999999
