NVMe_total_util,CPU,Memory_used
0.56401384,0.6406432,0.548007
0.75903136,0.8040699,0.5365466
0.82702166,0.86334234,0.5426205
0.6392148,0.69992375,0.54317534
0.70071787,0.7587095,0.5376639
0.8516065,0.8824322,0.55050373
0.57694674,0.64998347,0.54418904
0.68649185,0.7450895,0.5368335
