NVMe_total_util,CPU,Memory_used
0.7559708,0.80251825,0.54325
0.66594607,0.7141352,0.5425422
0.7351806,0.78356504,0.53548753
0.72980386,0.77550584,0.5415659
0.657129,0.70260096,0.54160875
0.7823351,0.823403,0.536611
0.79485005,0.8431257,0.5507672
0.6334541,0.68137926,0.5446496
