NVMe_total_util,CPU,Memory_used
0.7811894743873563,0.820009350165105,0.540205056
0.49235050996590585,0.5584461035931715,0.5431828479999998
0.7601173411560666,0.8018201213392495,0.5431828479999998
0.733266666666653,0.7713333333357391,0.539795456
0.6420416666667129,0.6775833333299184,0.539795456
0.8223451769882172,0.8661755882955882,0.541229056
0.7749849989999804,0.8282385492377025,0.541229056
0.553883333333215,0.5798333333320139,0.533741568
