NVMe_total_util,CPU,Memory_used
0.7549753316887821,0.8003200213350662,0.5418229760000001
0.6754583333332753,0.7192500000024058,0.5418229760000001
0.7149187100213465,0.7551305970118226,0.541356032
0.7525861038029354,0.7934854101880452,0.54102016
0.8263773741332884,0.8819528188163035,0.54102016
0.6958583333332478,0.7480833333334884,0.54102016
0.6502333333333808,0.7059166666644159,0.542109696
0.7559749999999743,0.8040000000017851,0.542109696
