NVMe_total_util,CPU,Memory_used
0.79144454,0.833458,0.54288745
0.7381082,0.7867206,0.5422189
0.6073672,0.6514889,0.5426675
0.81501824,0.857605,0.54224813
0.747452,0.7805972,0.54197955
0.5478405,0.61324793,0.5506433
0.7013024,0.7378217,0.5394964
0.77837586,0.82164526,0.54172564
