NVMe_total_util,CPU,Memory_used
0.6611389445557164,0.6945557782244348,0.542093312
0.6664749999999909,0.7014999999955766,0.544391168
0.7548496766883097,0.8053463102490104,0.543752192
0.7400160010666338,0.7891526101755642,0.543752192
0.6776968124043486,0.7418812803598459,0.543752192
0.7234438656247847,0.7792693514998321,0.545415168
0.6899416666667093,0.7401666666652695,0.545415168
0.6063166666666194,0.6584166666706249,0.54626304
