NVMe_total_util,CPU,Memory_used
0.6739041,0.7307097,0.54101074
0.6892311,0.75328195,0.5432633
0.77853173,0.82225347,0.54809844
0.6921873,0.74931175,0.5420456
0.6790452,0.7405006,0.53869814
0.70601016,0.75729483,0.5470219
0.7167043,0.7712112,0.54564947
0.70161897,0.7621495,0.5381547
