NVMe_total_util,CPU,Memory_used
0.68641895,0.7424772,0.5431405
0.68205,0.73672396,0.5401839
0.7418585,0.795082,0.54901403
0.7006105,0.7534026,0.54270804
0.71552765,0.76678336,0.5446779
0.7246972,0.7788276,0.547579
0.6866942,0.7550198,0.54601794
0.7236329,0.76821923,0.5421766
