NVMe_total_util,CPU,Memory_used
0.6779083333332285,0.74016666666721,0.54437888
0.6730833333334887,0.7398333333316259,0.54437888
0.6801833333332373,0.7334166666667444,0.544550912
0.6103750000000218,0.6722499999993791,0.544550912
0.7335510965935542,0.7819312045850418,0.5467586560000001
0.6478598573238618,0.7415661044107634,0.5467586560000001
0.6297330177987857,0.671271915206041,0.5445631999999999
0.8036035735715671,0.8374058270492383,0.545234944
