NVMe_total_util,CPU,Memory_used
0.6993333333333187,0.7367499999973616,0.546799616
0.6457069528697917,0.6896040263962999,0.545656832
0.7213480898727531,0.7654010267358922,0.545656832
0.7288631676976327,0.7703385884397747,0.546562048
0.7301312888355803,0.76640275272289,0.546562048
0.715185654289604,0.7629324711689768,0.544989184
0.7395243016200556,0.7834022268171391,0.544989184
0.7048196786882299,0.7370175321621167,0.546725888
0.6599106607106626,0.6972298153204004,0.546725888
