NVMe_total_util,CPU,Memory_used
0.7035168,0.7463035,0.5456052
0.6618455,0.7131489,0.5463192
0.76032805,0.79524755,0.5475517
0.6812246,0.73297757,0.5468975
0.69624144,0.7419655,0.54457825
0.7127174,0.75434935,0.54563826
0.72193784,0.7636464,0.5462125
0.6406725,0.69764674,0.5441518
0.7502155,0.7855005,0.54797286
