NVMe_total_util,CPU,Memory_used
0.8488337,0.8778232,0.55005014
0.65268385,0.7085098,0.5492041
0.62619126,0.68256795,0.5452451
0.77260035,0.81172985,0.5449387
0.69252115,0.74027246,0.551882
0.5906808,0.6539165,0.54746044
0.7703536,0.80611837,0.545341
0.6976325,0.74844,0.5538713
0.6113856,0.6711352,0.54846746
