NVMe_total_util,CPU,Memory_used
0.7589541308834091,0.8103488449481553,0.5450752
0.7006528417819016,0.7473786148380239,0.5450752
0.554266666666687,0.6100000000015523,0.5480448
0.8377774815012404,0.8722585160983058,0.5480448
0.6706030402025939,0.7182312154138952,0.5471805439999999
0.6216166666667049,0.6601666666683742,0.5471805439999999
0.7971666666666958,0.8350000000015522,0.545161216
0.6994367042196742,0.743933737749032,0.545161216
0.7092056137075972,0.7502333488901587,0.548896768
