NVMe_total_util,CPU,Memory_used
0.5954666666665314,0.6408333333325572,0.546177024
0.7559583333333649,0.7907499999991463,0.546177024
0.7607966560930642,0.8035619878439542,0.54882304
0.7578272128060504,0.8009987893449156,0.54882304
0.7709166666666836,0.8125833333295305,0.54882304
0.7100250000000112,0.7508333333379901,0.548462592
0.578203119791977,0.6335244317027681,0.548462592
0.750324913356515,0.8018861636855704,0.545615872
