NVMe_total_util,CPU,Memory_used
0.60213524,0.6607906,0.5417501
0.6589923,0.71389353,0.5435646
0.7569617,0.8029092,0.55401397
0.6044453,0.66689545,0.5452418
0.6284686,0.6841125,0.54256713
0.66530234,0.7207455,0.54865146
0.6276372,0.6885628,0.5440944
0.715244,0.7623196,0.5415375
