NVMe_total_util,CPU,Memory_used
0.83691022825569,0.8751414121228277,0.547418112
0.6093718693648144,0.6502871835979966,0.547418112
0.6890333333334638,0.7288333333330229,0.547418112
0.7675416666666327,0.8109166666690725,0.54409216
0.6986739521556392,0.7428699940018679,0.54409216
0.6507119989328276,0.7025278463268889,0.54409216
0.7798396773548997,0.8228451436589521,0.5416181760000002
0.7125308353890225,0.7705680378689586,0.5416181760000002
