NVMe_total_util,CPU,Memory_used
0.726086,0.78359675,0.546457
0.65946984,0.71164435,0.54018724
0.6462266,0.701457,0.5383231
0.713866,0.775298,0.5489308
0.69570744,0.74562395,0.54209256
0.6897129,0.73562014,0.5406039
0.71028364,0.7743795,0.55003303
0.70383173,0.7523989,0.54134256
