NVMe_total_util,CPU,Memory_used
0.78046376,0.836978,0.54779094
0.74355435,0.7998429,0.54650575
0.7181802,0.77864194,0.54572064
0.7957348,0.8488254,0.5486985
0.72608054,0.7790882,0.54578954
0.7043612,0.75384825,0.5422571
0.75105274,0.7922708,0.54821897
0.7156765,0.7669137,0.5449599
