NVMe_total_util,CPU,Memory_used
0.7092373164218568,0.7518357810414663,0.547323904
0.5981666666665965,0.6440833333336439,0.545394688
0.6221000000000155,0.6900000000003882,0.545394688
0.6999333333333803,0.7446666666636399,0.545796096
0.7582166666666429,0.8000000000019404,0.545796096
0.6756799546696242,0.7109359376046254,0.545796096
0.7546253083540038,0.7984032268822577,0.544141312
0.6313968190589855,0.6707592999281154,0.544141312
