NVMe_total_util,CPU,Memory_used
0.83767251150076,0.8737415827710207,0.5288837120000001
0.5613959069395626,0.616775548298798,0.53315584
0.7073221548103171,0.7540669377938349,0.53315584
0.7776731551230016,0.8170121991870314,0.5316485120000001
0.711689112607514,0.7530668711256729,0.5316485120000001
0.7699499999999413,0.8111666666654247,0.53317632
0.6526500000000245,0.6967500000008537,0.53317632
0.5622083333333345,0.6101666666683742,0.530538496
0.7802416666666432,0.8515833333309272,0.530538496
