NVMe_total_util,CPU,Memory_used
0.7260916,0.76890635,0.5369416
0.46883887,0.5045471,0.5289991
0.7474642,0.78091365,0.5383753
0.7257752,0.76786107,0.53475523
0.6388549,0.6773342,0.53229845
0.67856234,0.7157876,0.53260374
0.5827992,0.6195513,0.5267131
0.6664502,0.7036902,0.5348456
0.7333964,0.75411403,0.5391742
