NVMe_total_util,CPU,Memory_used
0.8044833333333069,0.8384166666714007,0.530415616
0.7434833333333397,0.7798333333320142,0.530415616
0.7431999999999789,0.7825833333345752,0.530432
0.7514665688953824,0.7955136324241946,0.53270528
0.7443246216414587,0.8040702713494056,0.53270528
0.5476718218785597,0.5993600426670819,0.530448384
0.6619857990532474,0.7203146876414966,0.530448384
0.7065750000000359,0.7502500000002328,0.530448384
