NVMe_total_util,CPU,Memory_used
0.787779,0.8325873,0.537056
0.68658197,0.72684443,0.53382814
0.6611486,0.69925135,0.53066087
0.69949627,0.7452821,0.53338915
0.6800914,0.72526723,0.5340786
0.70035505,0.7411219,0.5324074
0.7224196,0.7699279,0.53629816
0.78445625,0.8364769,0.537899
