NVMe_total_util,CPU,Memory_used
0.7435750000000252,0.7875000000019403,0.5306040320000001
0.74185252996002,0.7637316910774767,0.533848064
0.6938918558077966,0.744742990655449,0.533848064
0.5303749999999733,0.5812499999980598,0.533327872
0.828891666666641,0.8685000000017077,0.527577088
0.7196750000000065,0.758999999998681,0.527577088
0.6491833333333489,0.7006666666672876,0.532267008
0.715091666666649,0.7622499999997672,0.532267008
