NVMe_total_util,CPU,Memory_used
0.7592529,0.795768,0.537268
0.7253781,0.76935714,0.5368905
0.7054119,0.7389461,0.53511477
0.7223377,0.7636322,0.53611577
0.7242944,0.7506863,0.53314203
0.7325332,0.77315295,0.5349635
0.6642235,0.69550383,0.535589
0.76782405,0.8097822,0.5376731
