NVMe_total_util,CPU,Memory_used
0.7275478,0.76515263,0.53173506
0.83676964,0.8693338,0.53738827
0.65137434,0.7035409,0.5327475
0.58487296,0.63862073,0.53125346
0.78618765,0.82078695,0.5338284
0.74353045,0.786157,0.5351399
0.6132019,0.66608727,0.53059
0.7032061,0.7467535,0.5345305
