NVMe_total_util,CPU,Memory_used
0.5842500000000351,0.6248333333351186,0.534491136
0.871083333333354,0.9063333333295304,0.52967424
0.8020083333332877,0.8448333333343421,0.52967424
0.5817410119839763,0.6296604527296937,0.533848064
0.7280457276368777,0.7708611482017933,0.533848064
0.8130666666666909,0.8589999999986806,0.531607552
0.6758249999999557,0.7196666666675202,0.53100544
0.5365083333333739,0.5989166666637176,0.53100544
