NVMe_total_util,CPU,Memory_used
0.7918718,0.8349103,0.5290294
0.72249746,0.77514315,0.54130393
0.5971041,0.6416383,0.5406641
0.6702844,0.7313852,0.5315888
0.777432,0.82243437,0.5363004
0.6941342,0.7322307,0.54065895
0.60165066,0.6513467,0.5352709
0.7304598,0.7943322,0.5346489
