NVMe_total_util,CPU,Memory_used
0.7781583333333402,0.8169999999983701,0.53563392
0.7826666666665609,0.8365000000029493,0.53563392
0.6477545109528968,0.69105799320961,0.53563392
0.5763133302182437,0.6340364461642877,0.53641216
0.7969666666666854,0.8384999999989908,0.53641216
0.6953416666666573,0.7308333333329454,0.5376286720000001
0.6754083333333258,0.7261666666677533,0.5376286720000001
0.6570666666666208,0.7044999999983701,0.535601152
