NVMe_total_util,CPU,Memory_used
0.69403476,0.73769754,0.5327057
0.6594166,0.7147292,0.5361238
0.6768683,0.7278259,0.53448987
0.6845288,0.7335972,0.53606445
0.6526539,0.7106925,0.5338849
0.69335663,0.7236757,0.5373902
0.6771894,0.724602,0.53657967
0.73297733,0.7582505,0.53910077
