NVMe_total_util,CPU,Memory_used
0.7561166666666699,0.7914166666644938,0.536539136
0.7700250000000173,0.8039166666683741,0.534810624
0.677199999999963,0.7377500000041133,0.534810624
0.7767310252996183,0.8208222370151401,0.536948736
0.6113150867823935,0.6539552736984977,0.536948736
0.6755499999999605,0.7243333333346528,0.538025984
0.6315500000000309,0.6825833333306945,0.538025984
0.6366083333333336,0.6912500000015522,0.537378816
