NVMe_total_util,CPU,Memory_used
0.6494416666668258,0.6909166666756695,0.579915776
0.8225128644946642,0.8571428571410317,0.579915776
0.6654116727453362,0.7037519541520034,0.579837952
0.7715152323182372,0.8160122658405622,0.578342912
0.8406227081802,0.885409027260723,0.578342912
0.4463833333327785,0.5075000000031044,0.578342912
0.8029500000009042,0.8471666666679084,0.579067904
0.6955166666652076,0.7456666666703922,0.579067904
