NVMe_total_util,CPU,Memory_used
0.6616282,0.7187688,0.591594
0.8261407,0.8677999,0.5768746
0.6192,0.674709,0.5731955
0.6166621,0.6720322,0.5776362
0.7561127,0.7951969,0.573626
0.571133,0.621949,0.57717407
0.803415,0.84086525,0.58436006
0.80353075,0.8483434,0.5875689
