NVMe_total_util,CPU,Memory_used
0.73488283,0.7725423,0.5783503
0.80265903,0.8401439,0.5823014
0.6134299,0.6593802,0.58644015
0.6921392,0.74072325,0.58794844
0.7682194,0.80551094,0.57664865
0.64681447,0.68782836,0.5804892
0.6978826,0.7363153,0.5780076
0.7059666,0.73960525,0.58287114
0.7871416,0.83314574,0.58097005
