NVMe_total_util,CPU,Memory_used
0.7282181187915334,0.7676821545239629,0.580079616
0.7875191679448865,0.8870758050552225,0.580079616
0.5948833333333218,0.7708333333255725,0.578973696
0.7797480167984028,0.8243450436631349,0.578973696
0.7974000000001981,0.8429166666775323,0.579690496
0.6959963997601895,0.7286485765674249,0.579690496
0.6707500000004075,0.7211666666669772,0.579690496
0.6046680221313923,0.6388574094995142,0.5813739520000001
0.684253950263681,0.7347323154948397,0.5813739520000001
