NVMe_total_util,CPU,Memory_used
0.6802821,0.72315395,0.57857287
0.7386448,0.77779245,0.58471537
0.64540553,0.6934023,0.57879275
0.701009,0.73973525,0.5809633
0.7051276,0.74644,0.5810244
0.67515403,0.7210616,0.5818079
0.677707,0.71891224,0.5773269
0.72771627,0.7642153,0.5829189
0.7104082,0.75110734,0.5772221
