NVMe_total_util,CPU,Memory_used
0.7861642557159637,0.8284281048097766,0.578760704
0.6917211147404083,0.7419827988458059,0.578760704
0.6395916666665774,0.7070833333302291,0.5796782079999999
0.7389250000002601,0.775500000004346,0.578510848
0.7530750000005355,0.7960000000117968,0.578510848
0.7064249999990959,0.7352499999804419,0.5807104000000001
0.5824528364788214,0.6255249650222001,0.5807104000000001
0.7163060870715091,0.7595673044745472,0.5807104000000001
0.697849999999744,0.7664999999959642,0.58226688
