NVMe_total_util,CPU,Memory_used
0.6159422705158266,0.6520231984475385,0.580268032
0.7976698446566131,0.8327388492618951,0.580042752
0.7318262115850211,0.7876808212748566,0.580042752
0.5739382625514614,0.6314754316976195,0.581332992
0.7375250000002171,0.7685000000133491,0.581332992
0.751858333333318,0.7977499999882032,0.581390336
0.6724468368777277,0.7120191987235001,0.581390336
0.6828486241581865,0.8431774268843427,0.580411392
0.7523514108475019,0.8071342805537415,0.580411392
