NVMe_total_util,CPU,Memory_used
0.67227376,0.72477764,0.5807451
0.73796356,0.791256,0.58037674
0.67994016,0.7321025,0.5808483
0.65792984,0.71191347,0.5807294
0.7029254,0.7663319,0.5806515
0.68883234,0.74375117,0.58068216
0.6700539,0.7247856,0.5807024
0.6941728,0.75197667,0.58065134
0.6768496,0.73597217,0.58073133
