NVMe_total_util,CPU,Memory_used
0.7942470501965837,0.8285114325705412,0.579784704
0.6716531102068077,0.7165644376232765,0.579166208
0.6587666666668762,0.6997499999900659,0.579166208
0.8049834437078728,0.8477649006727367,0.580210688
0.6084395973165183,0.6588926174484144,0.580210688
0.6415499999997942,0.702916666671323,0.5789122560000001
0.7004366375576553,0.7464335710977438,0.5810626560000001
0.73131542102789,0.763150876725736,0.5810626560000001
0.7218583333330267,0.744833333324641,0.57864192
