NVMe_total_util,CPU,Memory_used
0.82389075,0.84738094,0.57297295
0.7461596,0.7902016,0.57443935
0.59778285,0.67227834,0.5860782
0.7703558,0.8169888,0.57567346
0.64004546,0.68726194,0.57907194
0.6769064,0.74087614,0.5831658
0.71604025,0.78608376,0.57957476
0.74923587,0.78743136,0.5796853
0.62559867,0.6976448,0.58664095
