NVMe_total_util,CPU,Memory_used
0.6928666666669111,0.7558333333426466,0.580681728
0.7129749999997633,0.7677499999913076,0.580681728
0.6571333333335739,0.7223333333386108,0.581971968
0.7031166666657859,0.7549166666499028,0.581971968
0.6968916666660034,0.7518333333466822,0.579407872
0.6953000000013465,0.7468333333265038,0.579407872
0.567866666666426,0.6259166666849827,0.58198016
0.7838250000000699,0.8262499999875824,0.580960256
0.663566666666399,0.7170833333395423,0.580960256
