NVMe_total_util,CPU,Memory_used
0.7058658,0.7616745,0.58248353
0.6732608,0.725877,0.573396
0.69842017,0.7543285,0.58229935
0.70545304,0.763587,0.5862003
0.6959829,0.7536603,0.58115005
0.69589704,0.75051653,0.5792618
0.69523865,0.7521349,0.58464307
0.737508,0.7872035,0.5911669
0.6967245,0.7544336,0.5817112
