NVMe_total_util,CPU,Memory_used
0.6428376,0.692317,0.5786283
0.70013636,0.7455695,0.5822113
0.70379996,0.752098,0.5842472
0.60668635,0.655957,0.5731976
0.66814303,0.71515065,0.58535457
0.7229901,0.77160233,0.58576477
0.6004531,0.64881843,0.5708495
0.7722906,0.8165686,0.5981091
0.67453504,0.7335035,0.579497
