NVMe_total_util,CPU,Memory_used
0.656193746249851,0.699896659779181,0.584966144
0.6938537430841281,0.7295180321237411,0.583667712
0.8025535035668073,0.839655977078798,0.583667712
0.6230751283240914,0.6796046929956314,0.583589888
0.7174978331892206,0.7534002266830205,0.583589888
0.8203869742015492,0.8544263715851617,0.584220672
0.5142259483973591,0.5805553703496416,0.584220672
0.8247950136654222,0.869258716105461,0.58433536
0.7449496633111821,0.7782352156627281,0.58433536
