NVMe_total_util,CPU,Memory_used
0.5664544302965754,0.6208080538624966,0.5812797439999999
0.6944953669748171,0.7369342043838909,0.5812797439999999
0.7896359757322006,0.8208213880925396,0.581894144
0.5958749999995537,0.6491666666697712,0.581894144
0.6781381241249187,0.715602293181386,0.58353664
0.6988750000004074,0.7385833333246411,0.58353664
0.6700946729773717,0.7216481098786484,0.581988352
0.7208166666673302,0.7657500000127281,0.581988352
0.7438337444165809,0.8020965268904462,0.5839871999999999
