NVMe_total_util,CPU,Memory_used
0.6994882,0.74865466,0.5767236
0.7235002,0.77155066,0.58349466
0.7376826,0.7850833,0.5914462
0.6830673,0.72624147,0.5768275
0.71063256,0.7592864,0.5840047
0.73852026,0.78584844,0.59105605
0.7206266,0.76938045,0.5808664
0.71786636,0.7630004,0.5833654
0.7098107,0.7600035,0.58592993
