NVMe_total_util,CPU,Memory_used
0.6810129324722509,0.7096026931568941,0.585121792
0.6930666666667094,0.7418333333296081,0.586493952
0.7045083333330695,0.7431666666564222,0.586493952
0.5427966948754609,0.5959385620062598,0.584802304
0.8474288001064758,0.8870306142959847,0.585555968
0.689562637508911,0.7268984598932903,0.585555968
0.7267416666669305,0.7636666666561116,0.585555968
0.7572083333332558,0.804666666678774,0.5867233279999999
0.6304000000003726,0.6759166666616996,0.5867233279999999
