NVMe_total_util,CPU,Memory_used
0.6350567,0.70521224,0.60649407
0.6913782,0.7365624,0.57181114
0.7085906,0.76150835,0.5889799
0.5726815,0.65379435,0.60443866
0.7742351,0.8168786,0.58538395
0.7100306,0.76159793,0.59008765
0.61822605,0.66393757,0.5727282
0.7347743,0.7794564,0.5822208
0.66427195,0.71236545,0.5803142
