NVMe_total_util,CPU,Memory_used
0.66706663,0.708564,0.586702
0.6496713,0.6848027,0.5803473
0.69308966,0.7395142,0.58652234
0.66301775,0.71135026,0.5775888
0.6374632,0.68049955,0.58126116
0.7142946,0.7649562,0.58781874
0.68510926,0.73582834,0.58744437
0.62917554,0.6676932,0.5723897
0.7352028,0.77863866,0.5934965
