NVMe_total_util,CPU,Memory_used
0.7070785624458658,0.7479978820496552,0.586002432
0.656699126931518,0.6896406984575282,0.586002432
0.694291666666201,0.7501666666629414,0.585240576
0.7751666666663372,0.821666666663562,0.585240576
0.5726583333336748,0.6161666666623205,0.585064448
0.7275014999003442,0.7685154323101007,0.585064448
0.7413327555162892,0.7761517434467693,0.585117696
0.5401223251784689,0.5736950870007193,0.585117696
0.8203833333333024,0.8771666666570428,0.58546176
