NVMe_total_util,CPU,Memory_used
0.58385044,0.628652,0.5863857
0.7246712,0.7723325,0.58670974
0.7008618,0.7472776,0.5870543
0.63384867,0.67741567,0.58618236
0.6296447,0.68512315,0.5862964
0.7000113,0.7460752,0.58682567
0.66346437,0.7149758,0.58655226
0.6563424,0.70465595,0.58642066
0.66042924,0.705136,0.5866167
