NVMe_total_util,CPU,Memory_used
0.6220833333340124,0.6707499999863406,0.588673024
0.6316662222517919,0.6807712819257141,0.588673024
0.7690249999994799,0.8048333333261932,0.585867264
0.641692779518813,0.6879791986098259,0.588976128
0.6337000000004385,0.6712500000062088,0.588976128
0.7427588160793122,0.7803479768065134,0.588976128
0.6681695446347566,0.7041469431217805,0.586162176
0.7248600093332077,0.7555996266909331,0.586162176
0.6634108940600231,0.7273151543535579,0.58580992
