NVMe_total_util,CPU,Memory_used
0.7338072538167347,0.7743182878852383,0.5947392
0.6727884807678711,0.7061862542438186,0.5947392
0.6052070138008812,0.6465597706656581,0.59455488
0.771031931204334,0.830094660343249,0.59455488
0.7392333333336866,0.7751666666784633,0.594358272
0.4987082472166052,0.5630542036005349,0.594358272
0.7587916666666085,0.8555000000012418,0.593461248
0.7358749999999418,0.9037500000093133,0.593461248
0.5886341059608969,0.6422185430330971,0.593231872
