NVMe_total_util,CPU,Memory_used
0.6990185,0.74773216,0.6061579
0.62715054,0.6694935,0.58465123
0.6713923,0.7120961,0.59151417
0.70059973,0.7426057,0.5984912
0.6350724,0.6830015,0.58779275
0.6228382,0.66363645,0.5833632
0.7135663,0.7584729,0.60262024
0.6491541,0.701542,0.5960906
0.5961164,0.6465229,0.59183836
