NVMe_total_util,CPU,Memory_used
0.7600779584224309,0.7901952292154313,0.594509824
0.7230106056565636,0.781300026677169,0.594509824
0.6185412360826578,0.6836455763798303,0.59551744
0.696111925871523,0.747850143325641,0.59551744
0.7924694979662594,0.8357390492625003,0.590733312
0.6368391905646354,0.6776776626930938,0.590733312
0.6670395577954903,0.7207076784240548,0.593313792
0.655724999998832,0.7186666666762903,0.590774272
0.580941666668029,0.6302499999913076,0.590774272
