NVMe_total_util,CPU,Memory_used
0.75444293,0.80001855,0.60314023
0.69221234,0.73640484,0.6064012
0.61452276,0.6565074,0.57993966
0.7083888,0.7556833,0.5988004
0.6894282,0.7367597,0.60023713
0.6361756,0.6775924,0.5918638
0.67260754,0.7134645,0.5896384
0.7145242,0.7662397,0.601233
0.68249696,0.73231906,0.59496003
