NVMe_total_util,CPU,Memory_used
0.7120649,0.76892596,0.59343153
0.68253803,0.7320386,0.59045476
0.74956965,0.80616707,0.5973468
0.7130155,0.7687452,0.59285843
0.6839384,0.7371443,0.5910836
0.7466645,0.7973649,0.5974583
0.6360439,0.70668876,0.58617705
0.57894236,0.65662545,0.5784
0.6625109,0.7043413,0.5894674
