NVMe_total_util,CPU,Memory_used
0.6516101073402022,0.6958963930832486,0.592236544
0.7194937004192543,0.7616825545072315,0.592244736
0.7117057803861273,0.7576505100256196,0.592244736
0.7298596760209308,0.7695986934250948,0.592244736
0.6672444829651546,0.7001466764413709,0.5940346879999999
0.7211333333340008,0.862250000005588,0.5940346879999999
0.7000833333334109,0.8980000000058985,0.59549696
0.6147666666671284,0.6651666666536282,0.59549696
0.6834654586631698,0.7399407101499258,0.59449344
