NVMe_total_util,CPU,Memory_used
0.73029953,0.77093816,0.59362733
0.7106773,0.7585363,0.59431475
0.6055516,0.62800676,0.5933643
0.7423699,0.7798672,0.59371865
0.6826939,0.7221102,0.593925
0.5681873,0.5804926,0.59346694
0.68404907,0.72372043,0.5933946
0.71226555,0.76248693,0.59407824
0.66340286,0.7077819,0.5932997
