NVMe_total_util,CPU,Memory_used
0.7440750000008847,0.7959166666725648,0.59400192
0.7381499999998293,0.785666666676601,0.59400192
0.5058916666666239,0.5489999999835466,0.594456576
0.7499166722222088,0.781681221258125,0.594456576
0.8432395493025651,0.8850756717111371,0.592060416
0.5537464169057646,0.6101926538209055,0.589594624
0.6906543769586422,0.7691512767424695,0.589594624
0.6547146856875897,0.7126024931730202,0.589594624
0.5680045336352342,0.6278085205745576,0.594989056
